genre,label
Action & Adventure,Action & Adventure
Anime Features,Anime
Children & Family Movies,Kids
Classic Movies,Classic
Comedies,Comedy
Cult Movies,Cult
Documentaries,Documentary
Dramas,Drama
Faith & Spirituality,Faith & Spirituality
Horror Movies,Horror
Independent Movies,Independent
International Movies,International
LGBTQ Movies,LGBTQ
Movies,
Music & Musicals,Music & Musicals
Romantic Movies,Romantic
Sci-Fi & Fantasy,Sci-Fi & Fantasy
Sports Movies,Sports
Stand-Up Comedy,Stand-Up Comedy
Thrillers,Thriller
TV Action & Adventure,Action & Adventure
Anime Series,Anime
Kids' TV,Kids
Classic & Cult TV,Classic
TV Comedies,Comedy
Classic & Cult TV,Cult
Docuseries,Documentary
TV Dramas,Drama
,Faith & Spirituality
TV Horror,Horror
,Independent
International TV Shows,International
,LGBTQ
,
,Music & Musicals
Romantic TV Shows,Romantic
TV Sci-Fi & Fantasy,Sci-Fi & Fantasy
,Sports
Stand-Up Comedy & Talk Shows,Stand-Up Comedy
TV Thrillers,Thriller
TV Shows,
British TV Shows,British
Spanish-Language TV Shows,Spanish-Language
Science & Nature TV,Science & Nature
Crime TV Shows,Crime
Korean TV Shows,Korean
Reality TV,Reality
Teen TV Shows,Teen
TV Mysteries,Mysteries